dateRep,year,month,day,cases,deaths,countriesAndTerritories,geoId,popData2020,countryterritoryCode,continentExp
21/10/2022,2022,10,21,25422,75,Spain,ES,47332614,ESP,Europe
14/10/2022,2022,10,14,20652,68,Spain,ES,47332614,ESP,Europe
07/10/2022,2022,10,07,10843,68,Spain,ES,47332614,ESP,Europe
04/10/2022,2022,10,04,8114,83,Spain,ES,47332614,ESP,Europe
30/09/2022,2022,09,30,10721,95,Spain,ES,47332614,ESP,Europe
27/09/2022,2022,09,27,8761,75,Spain,ES,47332614,ESP,Europe
23/09/2022,2022,09,23,10306,72,Spain,ES,47332614,ESP,Europe
20/09/2022,2022,09,20,8320,55,Spain,ES,47332614,ESP,Europe
16/09/2022,2022,09,16,10760,65,Spain,ES,47332614,ESP,Europe
13/09/2022,2022,09,13,6469,65,Spain,ES,47332614,ESP,Europe
09/09/2022,2022,09,09,8416,101,Spain,ES,47332614,ESP,Europe
06/09/2022,2022,09,06,6703,107,Spain,ES,47332614,ESP,Europe
02/09/2022,2022,09,02,9489,117,Spain,ES,47332614,ESP,Europe
30/08/2022,2022,08,30,9554,97,Spain,ES,47332614,ESP,Europe
26/08/2022,2022,08,26,9192,141,Spain,ES,47332614,ESP,Europe
23/08/2022,2022,08,23,9020,119,Spain,ES,47332614,ESP,Europe
19/08/2022,2022,08,19,8463,195,Spain,ES,47332614,ESP,Europe
16/08/2022,2022,08,16,12162,181,Spain,ES,47332614,ESP,Europe
12/08/2022,2022,08,12,13582,236,Spain,ES,47332614,ESP,Europe
09/08/2022,2022,08,09,14373,222,Spain,ES,47332614,ESP,Europe
05/08/2022,2022,08,05,20188,310,Spain,ES,47332614,ESP,Europe
02/08/2022,2022,08,02,19417,273,Spain,ES,47332614,ESP,Europe
29/07/2022,2022,07,29,26018,353,Spain,ES,47332614,ESP,Europe
26/07/2022,2022,07,26,39089,358,Spain,ES,47332614,ESP,Europe
22/07/2022,2022,07,22,72704,518,Spain,ES,47332614,ESP,Europe
19/07/2022,2022,07,19,41683,382,Spain,ES,47332614,ESP,Europe
15/07/2022,2022,07,15,57635,428,Spain,ES,47332614,ESP,Europe
12/07/2022,2022,07,12,59226,292,Spain,ES,47332614,ESP,Europe
08/07/2022,2022,07,08,83613,321,Spain,ES,47332614,ESP,Europe
05/07/2022,2022,07,05,71818,188,Spain,ES,47332614,ESP,Europe
01/07/2022,2022,07,01,84146,207,Spain,ES,47332614,ESP,Europe
28/06/2022,2022,06,28,52218,152,Spain,ES,47332614,ESP,Europe
24/06/2022,2022,06,24,68186,194,Spain,ES,47332614,ESP,Europe
21/06/2022,2022,06,21,50235,160,Spain,ES,47332614,ESP,Europe
17/06/2022,2022,06,17,48272,193,Spain,ES,47332614,ESP,Europe
14/06/2022,2022,06,14,36133,157,Spain,ES,47332614,ESP,Europe
13/06/2022,2022,06,13,,0,Spain,ES,47332614,ESP,Europe
12/06/2022,2022,06,12,,3,Spain,ES,47332614,ESP,Europe
11/06/2022,2022,06,11,,5,Spain,ES,47332614,ESP,Europe
10/06/2022,2022,06,10,42456,19,Spain,ES,47332614,ESP,Europe
09/06/2022,2022,06,09,,25,Spain,ES,47332614,ESP,Europe
08/06/2022,2022,06,08,,36,Spain,ES,47332614,ESP,Europe
07/06/2022,2022,06,07,33293,37,Spain,ES,47332614,ESP,Europe
06/06/2022,2022,06,06,,32,Spain,ES,47332614,ESP,Europe
05/06/2022,2022,06,05,,36,Spain,ES,47332614,ESP,Europe
04/06/2022,2022,06,04,,34,Spain,ES,47332614,ESP,Europe
03/06/2022,2022,06,03,42989,38,Spain,ES,47332614,ESP,Europe
02/06/2022,2022,06,02,,36,Spain,ES,47332614,ESP,Europe
01/06/2022,2022,06,01,,59,Spain,ES,47332614,ESP,Europe
31/05/2022,2022,05,31,33992,41,Spain,ES,47332614,ESP,Europe
30/05/2022,2022,05,30,,47,Spain,ES,47332614,ESP,Europe
29/05/2022,2022,05,29,,36,Spain,ES,47332614,ESP,Europe
28/05/2022,2022,05,28,,38,Spain,ES,47332614,ESP,Europe
27/05/2022,2022,05,27,45919,42,Spain,ES,47332614,ESP,Europe
26/05/2022,2022,05,26,,44,Spain,ES,47332614,ESP,Europe
25/05/2022,2022,05,25,,48,Spain,ES,47332614,ESP,Europe
24/05/2022,2022,05,24,42272,62,Spain,ES,47332614,ESP,Europe
23/05/2022,2022,05,23,,58,Spain,ES,47332614,ESP,Europe
22/05/2022,2022,05,22,,59,Spain,ES,47332614,ESP,Europe
21/05/2022,2022,05,21,,50,Spain,ES,47332614,ESP,Europe
20/05/2022,2022,05,20,58839,67,Spain,ES,47332614,ESP,Europe
19/05/2022,2022,05,19,,65,Spain,ES,47332614,ESP,Europe
18/05/2022,2022,05,18,,60,Spain,ES,47332614,ESP,Europe
17/05/2022,2022,05,17,52112,63,Spain,ES,47332614,ESP,Europe
16/05/2022,2022,05,16,,67,Spain,ES,47332614,ESP,Europe
15/05/2022,2022,05,15,,58,Spain,ES,47332614,ESP,Europe
14/05/2022,2022,05,14,,61,Spain,ES,47332614,ESP,Europe
13/05/2022,2022,05,13,68234,66,Spain,ES,47332614,ESP,Europe
12/05/2022,2022,05,12,,89,Spain,ES,47332614,ESP,Europe
11/05/2022,2022,05,11,,65,Spain,ES,47332614,ESP,Europe
10/05/2022,2022,05,10,49829,77,Spain,ES,47332614,ESP,Europe
09/05/2022,2022,05,09,,74,Spain,ES,47332614,ESP,Europe
08/05/2022,2022,05,08,,63,Spain,ES,47332614,ESP,Europe
07/05/2022,2022,05,07,,57,Spain,ES,47332614,ESP,Europe
06/05/2022,2022,05,06,55578,71,Spain,ES,47332614,ESP,Europe
05/05/2022,2022,05,05,,56,Spain,ES,47332614,ESP,Europe
04/05/2022,2022,05,04,,66,Spain,ES,47332614,ESP,Europe
03/05/2022,2022,05,03,57329,62,Spain,ES,47332614,ESP,Europe
02/05/2022,2022,05,02,,48,Spain,ES,47332614,ESP,Europe
01/05/2022,2022,05,01,,59,Spain,ES,47332614,ESP,Europe
30/04/2022,2022,04,30,,51,Spain,ES,47332614,ESP,Europe
29/04/2022,2022,04,29,62695,50,Spain,ES,47332614,ESP,Europe
28/04/2022,2022,04,28,,57,Spain,ES,47332614,ESP,Europe
27/04/2022,2022,04,27,,52,Spain,ES,47332614,ESP,Europe
26/04/2022,2022,04,26,47421,54,Spain,ES,47332614,ESP,Europe
25/04/2022,2022,04,25,,50,Spain,ES,47332614,ESP,Europe
24/04/2022,2022,04,24,,52,Spain,ES,47332614,ESP,Europe
23/04/2022,2022,04,23,,56,Spain,ES,47332614,ESP,Europe
22/04/2022,2022,04,22,49143,63,Spain,ES,47332614,ESP,Europe
21/04/2022,2022,04,21,,53,Spain,ES,47332614,ESP,Europe
20/04/2022,2022,04,20,,44,Spain,ES,47332614,ESP,Europe
19/04/2022,2022,04,19,74679,52,Spain,ES,47332614,ESP,Europe
18/04/2022,2022,04,18,,44,Spain,ES,47332614,ESP,Europe
17/04/2022,2022,04,17,,50,Spain,ES,47332614,ESP,Europe
16/04/2022,2022,04,16,,65,Spain,ES,47332614,ESP,Europe
15/04/2022,2022,04,15,,46,Spain,ES,47332614,ESP,Europe
14/04/2022,2022,04,14,,41,Spain,ES,47332614,ESP,Europe
13/04/2022,2022,04,13,,44,Spain,ES,47332614,ESP,Europe
12/04/2022,2022,04,12,34727,61,Spain,ES,47332614,ESP,Europe
11/04/2022,2022,04,11,,38,Spain,ES,47332614,ESP,Europe
10/04/2022,2022,04,10,,47,Spain,ES,47332614,ESP,Europe
09/04/2022,2022,04,09,,42,Spain,ES,47332614,ESP,Europe
08/04/2022,2022,04,08,48834,35,Spain,ES,47332614,ESP,Europe
07/04/2022,2022,04,07,,53,Spain,ES,47332614,ESP,Europe
06/04/2022,2022,04,06,,42,Spain,ES,47332614,ESP,Europe
05/04/2022,2022,04,05,1353,49,Spain,ES,47332614,ESP,Europe
04/04/2022,2022,04,04,3162,37,Spain,ES,47332614,ESP,Europe
03/04/2022,2022,04,03,2784,36,Spain,ES,47332614,ESP,Europe
02/04/2022,2022,04,02,6634,37,Spain,ES,47332614,ESP,Europe
01/04/2022,2022,04,01,5780,39,Spain,ES,47332614,ESP,Europe
31/03/2022,2022,03,31,6186,38,Spain,ES,47332614,ESP,Europe
30/03/2022,2022,03,30,9454,50,Spain,ES,47332614,ESP,Europe
29/03/2022,2022,03,29,10246,47,Spain,ES,47332614,ESP,Europe
28/03/2022,2022,03,28,11844,32,Spain,ES,47332614,ESP,Europe
27/03/2022,2022,03,27,8742,39,Spain,ES,47332614,ESP,Europe
26/03/2022,2022,03,26,11003,39,Spain,ES,47332614,ESP,Europe
25/03/2022,2022,03,25,10093,46,Spain,ES,47332614,ESP,Europe
24/03/2022,2022,03,24,11718,48,Spain,ES,47332614,ESP,Europe
23/03/2022,2022,03,23,18081,49,Spain,ES,47332614,ESP,Europe
22/03/2022,2022,03,22,19817,42,Spain,ES,47332614,ESP,Europe
21/03/2022,2022,03,21,22445,47,Spain,ES,47332614,ESP,Europe
20/03/2022,2022,03,20,18129,41,Spain,ES,47332614,ESP,Europe
19/03/2022,2022,03,19,18516,62,Spain,ES,47332614,ESP,Europe
18/03/2022,2022,03,18,12246,44,Spain,ES,47332614,ESP,Europe
17/03/2022,2022,03,17,12022,50,Spain,ES,47332614,ESP,Europe
16/03/2022,2022,03,16,18596,59,Spain,ES,47332614,ESP,Europe
15/03/2022,2022,03,15,18923,60,Spain,ES,47332614,ESP,Europe
14/03/2022,2022,03,14,20660,50,Spain,ES,47332614,ESP,Europe
13/03/2022,2022,03,13,16108,47,Spain,ES,47332614,ESP,Europe
12/03/2022,2022,03,12,17001,59,Spain,ES,47332614,ESP,Europe
11/03/2022,2022,03,11,11395,59,Spain,ES,47332614,ESP,Europe
10/03/2022,2022,03,10,11635,76,Spain,ES,47332614,ESP,Europe
09/03/2022,2022,03,09,17367,67,Spain,ES,47332614,ESP,Europe
08/03/2022,2022,03,08,18441,71,Spain,ES,47332614,ESP,Europe
07/03/2022,2022,03,07,18934,58,Spain,ES,47332614,ESP,Europe
06/03/2022,2022,03,06,15080,72,Spain,ES,47332614,ESP,Europe
05/03/2022,2022,03,05,16010,62,Spain,ES,47332614,ESP,Europe
04/03/2022,2022,03,04,11428,66,Spain,ES,47332614,ESP,Europe
03/03/2022,2022,03,03,12960,80,Spain,ES,47332614,ESP,Europe
02/03/2022,2022,03,02,19605,66,Spain,ES,47332614,ESP,Europe
01/03/2022,2022,03,01,19836,79,Spain,ES,47332614,ESP,Europe
28/02/2022,2022,02,28,19422,97,Spain,ES,47332614,ESP,Europe
27/02/2022,2022,02,27,12553,65,Spain,ES,47332614,ESP,Europe
26/02/2022,2022,02,26,13632,80,Spain,ES,47332614,ESP,Europe
25/02/2022,2022,02,25,11034,96,Spain,ES,47332614,ESP,Europe
24/02/2022,2022,02,24,12614,100,Spain,ES,47332614,ESP,Europe
23/02/2022,2022,02,23,18368,97,Spain,ES,47332614,ESP,Europe
22/02/2022,2022,02,22,20371,126,Spain,ES,47332614,ESP,Europe
21/02/2022,2022,02,21,22311,96,Spain,ES,47332614,ESP,Europe
20/02/2022,2022,02,20,16173,98,Spain,ES,47332614,ESP,Europe
19/02/2022,2022,02,19,18145,109,Spain,ES,47332614,ESP,Europe
18/02/2022,2022,02,18,16009,99,Spain,ES,47332614,ESP,Europe
17/02/2022,2022,02,17,16945,135,Spain,ES,47332614,ESP,Europe
16/02/2022,2022,02,16,23901,150,Spain,ES,47332614,ESP,Europe
15/02/2022,2022,02,15,27535,192,Spain,ES,47332614,ESP,Europe
14/02/2022,2022,02,14,30612,159,Spain,ES,47332614,ESP,Europe
13/02/2022,2022,02,13,21874,166,Spain,ES,47332614,ESP,Europe
12/02/2022,2022,02,12,24384,164,Spain,ES,47332614,ESP,Europe
11/02/2022,2022,02,11,24327,217,Spain,ES,47332614,ESP,Europe
10/02/2022,2022,02,10,27448,187,Spain,ES,47332614,ESP,Europe
09/02/2022,2022,02,09,37909,220,Spain,ES,47332614,ESP,Europe
08/02/2022,2022,02,08,43404,224,Spain,ES,47332614,ESP,Europe
07/02/2022,2022,02,07,49710,217,Spain,ES,47332614,ESP,Europe
06/02/2022,2022,02,06,33346,223,Spain,ES,47332614,ESP,Europe
05/02/2022,2022,02,05,37888,214,Spain,ES,47332614,ESP,Europe
04/02/2022,2022,02,04,41205,231,Spain,ES,47332614,ESP,Europe
03/02/2022,2022,02,03,44978,243,Spain,ES,47332614,ESP,Europe
02/02/2022,2022,02,02,59982,244,Spain,ES,47332614,ESP,Europe
01/02/2022,2022,02,01,66851,258,Spain,ES,47332614,ESP,Europe
31/01/2022,2022,01,31,76070,269,Spain,ES,47332614,ESP,Europe
30/01/2022,2022,01,30,53388,235,Spain,ES,47332614,ESP,Europe
29/01/2022,2022,01,29,59652,246,Spain,ES,47332614,ESP,Europe
28/01/2022,2022,01,28,67530,256,Spain,ES,47332614,ESP,Europe
27/01/2022,2022,01,27,75815,231,Spain,ES,47332614,ESP,Europe
26/01/2022,2022,01,26,98157,250,Spain,ES,47332614,ESP,Europe
25/01/2022,2022,01,25,109516,253,Spain,ES,47332614,ESP,Europe
24/01/2022,2022,01,24,127574,252,Spain,ES,47332614,ESP,Europe
23/01/2022,2022,01,23,86877,209,Spain,ES,47332614,ESP,Europe
22/01/2022,2022,01,22,93142,194,Spain,ES,47332614,ESP,Europe
21/01/2022,2022,01,21,105735,232,Spain,ES,47332614,ESP,Europe
20/01/2022,2022,01,20,109537,217,Spain,ES,47332614,ESP,Europe
19/01/2022,2022,01,19,135357,239,Spain,ES,47332614,ESP,Europe
18/01/2022,2022,01,18,141388,217,Spain,ES,47332614,ESP,Europe
17/01/2022,2022,01,17,148605,227,Spain,ES,47332614,ESP,Europe
16/01/2022,2022,01,16,100899,223,Spain,ES,47332614,ESP,Europe
15/01/2022,2022,01,15,109310,185,Spain,ES,47332614,ESP,Europe
14/01/2022,2022,01,14,106601,202,Spain,ES,47332614,ESP,Europe
13/01/2022,2022,01,13,118589,198,Spain,ES,47332614,ESP,Europe
12/01/2022,2022,01,12,146945,176,Spain,ES,47332614,ESP,Europe
11/01/2022,2022,01,11,157559,168,Spain,ES,47332614,ESP,Europe
10/01/2022,2022,01,10,165396,197,Spain,ES,47332614,ESP,Europe
09/01/2022,2022,01,09,127894,153,Spain,ES,47332614,ESP,Europe
08/01/2022,2022,01,08,127647,159,Spain,ES,47332614,ESP,Europe
07/01/2022,2022,01,07,125621,143,Spain,ES,47332614,ESP,Europe
06/01/2022,2022,01,06,82859,125,Spain,ES,47332614,ESP,Europe
05/01/2022,2022,01,05,158491,132,Spain,ES,47332614,ESP,Europe
04/01/2022,2022,01,04,130285,151,Spain,ES,47332614,ESP,Europe
03/01/2022,2022,01,03,154042,144,Spain,ES,47332614,ESP,Europe
02/01/2022,2022,01,02,110483,110,Spain,ES,47332614,ESP,Europe
01/01/2022,2022,01,01,93666,108,Spain,ES,47332614,ESP,Europe
31/12/2021,2021,12,31,95054,100,Spain,ES,47332614,ESP,Europe
30/12/2021,2021,12,30,118347,113,Spain,ES,47332614,ESP,Europe
29/12/2021,2021,12,29,130742,106,Spain,ES,47332614,ESP,Europe
28/12/2021,2021,12,28,137670,97,Spain,ES,47332614,ESP,Europe
27/12/2021,2021,12,27,131408,100,Spain,ES,47332614,ESP,Europe
26/12/2021,2021,12,26,87152,91,Spain,ES,47332614,ESP,Europe
25/12/2021,2021,12,25,75113,86,Spain,ES,47332614,ESP,Europe
24/12/2021,2021,12,24,68936,75,Spain,ES,47332614,ESP,Europe
23/12/2021,2021,12,23,80122,87,Spain,ES,47332614,ESP,Europe
22/12/2021,2021,12,22,81957,79,Spain,ES,47332614,ESP,Europe
21/12/2021,2021,12,21,83199,74,Spain,ES,47332614,ESP,Europe
20/12/2021,2021,12,20,68998,88,Spain,ES,47332614,ESP,Europe
19/12/2021,2021,12,19,42142,73,Spain,ES,47332614,ESP,Europe
18/12/2021,2021,12,18,36867,69,Spain,ES,47332614,ESP,Europe
17/12/2021,2021,12,17,36241,81,Spain,ES,47332614,ESP,Europe
16/12/2021,2021,12,16,33755,93,Spain,ES,47332614,ESP,Europe
15/12/2021,2021,12,15,38372,51,Spain,ES,47332614,ESP,Europe
14/12/2021,2021,12,14,34570,67,Spain,ES,47332614,ESP,Europe
13/12/2021,2021,12,13,31752,69,Spain,ES,47332614,ESP,Europe
12/12/2021,2021,12,12,21526,49,Spain,ES,47332614,ESP,Europe
11/12/2021,2021,12,11,20911,55,Spain,ES,47332614,ESP,Europe
10/12/2021,2021,12,10,19694,52,Spain,ES,47332614,ESP,Europe
09/12/2021,2021,12,09,19075,51,Spain,ES,47332614,ESP,Europe
08/12/2021,2021,12,08,18940,48,Spain,ES,47332614,ESP,Europe
07/12/2021,2021,12,07,20135,46,Spain,ES,47332614,ESP,Europe
06/12/2021,2021,12,06,10500,53,Spain,ES,47332614,ESP,Europe
05/12/2021,2021,12,05,12954,45,Spain,ES,47332614,ESP,Europe
04/12/2021,2021,12,04,9576,42,Spain,ES,47332614,ESP,Europe
03/12/2021,2021,12,03,11951,44,Spain,ES,47332614,ESP,Europe
02/12/2021,2021,12,02,12670,36,Spain,ES,47332614,ESP,Europe
01/12/2021,2021,12,01,14556,42,Spain,ES,47332614,ESP,Europe
30/11/2021,2021,11,30,14414,44,Spain,ES,47332614,ESP,Europe
29/11/2021,2021,11,29,13239,40,Spain,ES,47332614,ESP,Europe
28/11/2021,2021,11,28,10174,27,Spain,ES,47332614,ESP,Europe
27/11/2021,2021,11,27,9776,30,Spain,ES,47332614,ESP,Europe
26/11/2021,2021,11,26,6798,31,Spain,ES,47332614,ESP,Europe
25/11/2021,2021,11,25,7569,30,Spain,ES,47332614,ESP,Europe
24/11/2021,2021,11,24,10365,19,Spain,ES,47332614,ESP,Europe
23/11/2021,2021,11,23,9583,26,Spain,ES,47332614,ESP,Europe
22/11/2021,2021,11,22,8853,32,Spain,ES,47332614,ESP,Europe
21/11/2021,2021,11,21,7346,28,Spain,ES,47332614,ESP,Europe
20/11/2021,2021,11,20,7228,21,Spain,ES,47332614,ESP,Europe
19/11/2021,2021,11,19,4651,15,Spain,ES,47332614,ESP,Europe
18/11/2021,2021,11,18,5326,22,Spain,ES,47332614,ESP,Europe
17/11/2021,2021,11,17,6956,21,Spain,ES,47332614,ESP,Europe
16/11/2021,2021,11,16,6574,23,Spain,ES,47332614,ESP,Europe
15/11/2021,2021,11,15,6423,23,Spain,ES,47332614,ESP,Europe
14/11/2021,2021,11,14,5152,22,Spain,ES,47332614,ESP,Europe
13/11/2021,2021,11,13,4899,17,Spain,ES,47332614,ESP,Europe
12/11/2021,2021,11,12,2840,28,Spain,ES,47332614,ESP,Europe
11/11/2021,2021,11,11,3158,19,Spain,ES,47332614,ESP,Europe
10/11/2021,2021,11,10,4567,22,Spain,ES,47332614,ESP,Europe
09/11/2021,2021,11,09,4486,25,Spain,ES,47332614,ESP,Europe
08/11/2021,2021,11,08,3879,29,Spain,ES,47332614,ESP,Europe
07/11/2021,2021,11,07,2934,20,Spain,ES,47332614,ESP,Europe
06/11/2021,2021,11,06,3102,14,Spain,ES,47332614,ESP,Europe
05/11/2021,2021,11,05,1772,10,Spain,ES,47332614,ESP,Europe
04/11/2021,2021,11,04,1952,10,Spain,ES,47332614,ESP,Europe
03/11/2021,2021,11,03,3014,19,Spain,ES,47332614,ESP,Europe
02/11/2021,2021,11,02,3106,8,Spain,ES,47332614,ESP,Europe
01/11/2021,2021,11,01,2528,15,Spain,ES,47332614,ESP,Europe
31/10/2021,2021,10,31,2314,13,Spain,ES,47332614,ESP,Europe
30/10/2021,2021,10,30,1203,17,Spain,ES,47332614,ESP,Europe
29/10/2021,2021,10,29,1487,7,Spain,ES,47332614,ESP,Europe
28/10/2021,2021,10,28,1504,20,Spain,ES,47332614,ESP,Europe
27/10/2021,2021,10,27,2218,16,Spain,ES,47332614,ESP,Europe
26/10/2021,2021,10,26,2106,13,Spain,ES,47332614,ESP,Europe
25/10/2021,2021,10,25,2305,17,Spain,ES,47332614,ESP,Europe
24/10/2021,2021,10,24,1789,15,Spain,ES,47332614,ESP,Europe
23/10/2021,2021,10,23,1857,15,Spain,ES,47332614,ESP,Europe
22/10/2021,2021,10,22,1254,14,Spain,ES,47332614,ESP,Europe
21/10/2021,2021,10,21,1282,22,Spain,ES,47332614,ESP,Europe
20/10/2021,2021,10,20,1949,25,Spain,ES,47332614,ESP,Europe
19/10/2021,2021,10,19,1942,18,Spain,ES,47332614,ESP,Europe
18/10/2021,2021,10,18,2184,15,Spain,ES,47332614,ESP,Europe
17/10/2021,2021,10,17,1690,16,Spain,ES,47332614,ESP,Europe
16/10/2021,2021,10,16,1627,15,Spain,ES,47332614,ESP,Europe
15/10/2021,2021,10,15,1061,18,Spain,ES,47332614,ESP,Europe
14/10/2021,2021,10,14,1243,20,Spain,ES,47332614,ESP,Europe
13/10/2021,2021,10,13,1620,22,Spain,ES,47332614,ESP,Europe
12/10/2021,2021,10,12,857,15,Spain,ES,47332614,ESP,Europe
11/10/2021,2021,10,11,2293,23,Spain,ES,47332614,ESP,Europe
10/10/2021,2021,10,10,1288,18,Spain,ES,47332614,ESP,Europe
09/10/2021,2021,10,09,1219,18,Spain,ES,47332614,ESP,Europe
08/10/2021,2021,10,08,1731,19,Spain,ES,47332614,ESP,Europe
07/10/2021,2021,10,07,1512,25,Spain,ES,47332614,ESP,Europe
06/10/2021,2021,10,06,1618,24,Spain,ES,47332614,ESP,Europe
05/10/2021,2021,10,05,1645,15,Spain,ES,47332614,ESP,Europe
04/10/2021,2021,10,04,1863,30,Spain,ES,47332614,ESP,Europe
03/10/2021,2021,10,03,1144,17,Spain,ES,47332614,ESP,Europe
02/10/2021,2021,10,02,1222,36,Spain,ES,47332614,ESP,Europe
01/10/2021,2021,10,01,1759,29,Spain,ES,47332614,ESP,Europe
30/09/2021,2021,09,30,1445,34,Spain,ES,47332614,ESP,Europe
29/09/2021,2021,09,29,1784,25,Spain,ES,47332614,ESP,Europe
28/09/2021,2021,09,28,1786,25,Spain,ES,47332614,ESP,Europe
27/09/2021,2021,09,27,2235,24,Spain,ES,47332614,ESP,Europe
26/09/2021,2021,09,26,1327,22,Spain,ES,47332614,ESP,Europe
25/09/2021,2021,09,25,1473,29,Spain,ES,47332614,ESP,Europe
24/09/2021,2021,09,24,2125,40,Spain,ES,47332614,ESP,Europe
23/09/2021,2021,09,23,1984,31,Spain,ES,47332614,ESP,Europe
22/09/2021,2021,09,22,2255,35,Spain,ES,47332614,ESP,Europe
21/09/2021,2021,09,21,2399,48,Spain,ES,47332614,ESP,Europe
20/09/2021,2021,09,20,2383,43,Spain,ES,47332614,ESP,Europe
19/09/2021,2021,09,19,1504,47,Spain,ES,47332614,ESP,Europe
18/09/2021,2021,09,18,1799,48,Spain,ES,47332614,ESP,Europe
17/09/2021,2021,09,17,2492,51,Spain,ES,47332614,ESP,Europe
16/09/2021,2021,09,16,2538,51,Spain,ES,47332614,ESP,Europe
15/09/2021,2021,09,15,2458,62,Spain,ES,47332614,ESP,Europe
14/09/2021,2021,09,14,3029,62,Spain,ES,47332614,ESP,Europe
13/09/2021,2021,09,13,3080,49,Spain,ES,47332614,ESP,Europe
12/09/2021,2021,09,12,1987,57,Spain,ES,47332614,ESP,Europe
11/09/2021,2021,09,11,2172,46,Spain,ES,47332614,ESP,Europe
10/09/2021,2021,09,10,2988,64,Spain,ES,47332614,ESP,Europe
09/09/2021,2021,09,09,3004,70,Spain,ES,47332614,ESP,Europe
08/09/2021,2021,09,08,3282,66,Spain,ES,47332614,ESP,Europe
07/09/2021,2021,09,07,3703,61,Spain,ES,47332614,ESP,Europe
06/09/2021,2021,09,06,3783,68,Spain,ES,47332614,ESP,Europe
05/09/2021,2021,09,05,2627,61,Spain,ES,47332614,ESP,Europe
04/09/2021,2021,09,04,3258,59,Spain,ES,47332614,ESP,Europe
03/09/2021,2021,09,03,4067,83,Spain,ES,47332614,ESP,Europe
02/09/2021,2021,09,02,4142,74,Spain,ES,47332614,ESP,Europe
01/09/2021,2021,09,01,4919,94,Spain,ES,47332614,ESP,Europe
31/08/2021,2021,08,31,5269,93,Spain,ES,47332614,ESP,Europe
30/08/2021,2021,08,30,5634,95,Spain,ES,47332614,ESP,Europe
29/08/2021,2021,08,29,4007,76,Spain,ES,47332614,ESP,Europe
28/08/2021,2021,08,28,4746,79,Spain,ES,47332614,ESP,Europe
27/08/2021,2021,08,27,6333,87,Spain,ES,47332614,ESP,Europe
26/08/2021,2021,08,26,6310,87,Spain,ES,47332614,ESP,Europe
25/08/2021,2021,08,25,7212,115,Spain,ES,47332614,ESP,Europe
24/08/2021,2021,08,24,8023,90,Spain,ES,47332614,ESP,Europe
23/08/2021,2021,08,23,8874,102,Spain,ES,47332614,ESP,Europe
22/08/2021,2021,08,22,6260,81,Spain,ES,47332614,ESP,Europe
21/08/2021,2021,08,21,7501,86,Spain,ES,47332614,ESP,Europe
20/08/2021,2021,08,20,9637,96,Spain,ES,47332614,ESP,Europe
19/08/2021,2021,08,19,9607,98,Spain,ES,47332614,ESP,Europe
18/08/2021,2021,08,18,10362,107,Spain,ES,47332614,ESP,Europe
17/08/2021,2021,08,17,10841,134,Spain,ES,47332614,ESP,Europe
16/08/2021,2021,08,16,10368,113,Spain,ES,47332614,ESP,Europe
15/08/2021,2021,08,15,8074,117,Spain,ES,47332614,ESP,Europe
14/08/2021,2021,08,14,9551,114,Spain,ES,47332614,ESP,Europe
13/08/2021,2021,08,13,11318,112,Spain,ES,47332614,ESP,Europe
12/08/2021,2021,08,12,11859,131,Spain,ES,47332614,ESP,Europe
11/08/2021,2021,08,11,12676,109,Spain,ES,47332614,ESP,Europe
10/08/2021,2021,08,10,14866,102,Spain,ES,47332614,ESP,Europe
09/08/2021,2021,08,09,14767,117,Spain,ES,47332614,ESP,Europe
08/08/2021,2021,08,08,10942,83,Spain,ES,47332614,ESP,Europe
07/08/2021,2021,08,07,12661,92,Spain,ES,47332614,ESP,Europe
06/08/2021,2021,08,06,15914,117,Spain,ES,47332614,ESP,Europe
05/08/2021,2021,08,05,15873,98,Spain,ES,47332614,ESP,Europe
04/08/2021,2021,08,04,17134,123,Spain,ES,47332614,ESP,Europe
03/08/2021,2021,08,03,19292,96,Spain,ES,47332614,ESP,Europe
02/08/2021,2021,08,02,20222,98,Spain,ES,47332614,ESP,Europe
01/08/2021,2021,08,01,15014,82,Spain,ES,47332614,ESP,Europe
31/07/2021,2021,07,31,15875,88,Spain,ES,47332614,ESP,Europe
30/07/2021,2021,07,30,20474,99,Spain,ES,47332614,ESP,Europe
29/07/2021,2021,07,29,20915,74,Spain,ES,47332614,ESP,Europe
28/07/2021,2021,07,28,23540,74,Spain,ES,47332614,ESP,Europe
27/07/2021,2021,07,27,27375,80,Spain,ES,47332614,ESP,Europe
26/07/2021,2021,07,26,26466,63,Spain,ES,47332614,ESP,Europe
25/07/2021,2021,07,25,17928,62,Spain,ES,47332614,ESP,Europe
24/07/2021,2021,07,24,20972,87,Spain,ES,47332614,ESP,Europe
23/07/2021,2021,07,23,26635,51,Spain,ES,47332614,ESP,Europe
22/07/2021,2021,07,22,26451,53,Spain,ES,47332614,ESP,Europe
21/07/2021,2021,07,21,28397,54,Spain,ES,47332614,ESP,Europe
20/07/2021,2021,07,20,32688,48,Spain,ES,47332614,ESP,Europe
19/07/2021,2021,07,19,32235,34,Spain,ES,47332614,ESP,Europe
18/07/2021,2021,07,18,21073,26,Spain,ES,47332614,ESP,Europe
17/07/2021,2021,07,17,22931,21,Spain,ES,47332614,ESP,Europe
16/07/2021,2021,07,16,28297,40,Spain,ES,47332614,ESP,Europe
15/07/2021,2021,07,15,26483,20,Spain,ES,47332614,ESP,Europe
14/07/2021,2021,07,14,27746,19,Spain,ES,47332614,ESP,Europe
13/07/2021,2021,07,13,30180,20,Spain,ES,47332614,ESP,Europe
12/07/2021,2021,07,12,29077,16,Spain,ES,47332614,ESP,Europe
11/07/2021,2021,07,11,18047,14,Spain,ES,47332614,ESP,Europe
10/07/2021,2021,07,10,19976,17,Spain,ES,47332614,ESP,Europe
09/07/2021,2021,07,09,23713,15,Spain,ES,47332614,ESP,Europe
08/07/2021,2021,07,08,20861,8,Spain,ES,47332614,ESP,Europe
07/07/2021,2021,07,07,22841,9,Spain,ES,47332614,ESP,Europe
06/07/2021,2021,07,06,21640,12,Spain,ES,47332614,ESP,Europe
05/07/2021,2021,07,05,19215,12,Spain,ES,47332614,ESP,Europe
04/07/2021,2021,07,04,12342,9,Spain,ES,47332614,ESP,Europe
03/07/2021,2021,07,03,12878,17,Spain,ES,47332614,ESP,Europe
02/07/2021,2021,07,02,14313,6,Spain,ES,47332614,ESP,Europe
01/07/2021,2021,07,01,13425,15,Spain,ES,47332614,ESP,Europe
30/06/2021,2021,06,30,13369,12,Spain,ES,47332614,ESP,Europe
29/06/2021,2021,06,29,13439,14,Spain,ES,47332614,ESP,Europe
28/06/2021,2021,06,28,10779,16,Spain,ES,47332614,ESP,Europe
27/06/2021,2021,06,27,6314,18,Spain,ES,47332614,ESP,Europe
26/06/2021,2021,06,26,6083,12,Spain,ES,47332614,ESP,Europe
25/06/2021,2021,06,25,5366,13,Spain,ES,47332614,ESP,Europe
24/06/2021,2021,06,24,4248,15,Spain,ES,47332614,ESP,Europe
23/06/2021,2021,06,23,4683,19,Spain,ES,47332614,ESP,Europe
22/06/2021,2021,06,22,4734,19,Spain,ES,47332614,ESP,Europe
21/06/2021,2021,06,21,4496,18,Spain,ES,47332614,ESP,Europe
20/06/2021,2021,06,20,2949,16,Spain,ES,47332614,ESP,Europe
19/06/2021,2021,06,19,2999,9,Spain,ES,47332614,ESP,Europe
18/06/2021,2021,06,18,3773,18,Spain,ES,47332614,ESP,Europe
17/06/2021,2021,06,17,3385,21,Spain,ES,47332614,ESP,Europe
16/06/2021,2021,06,16,3653,23,Spain,ES,47332614,ESP,Europe
15/06/2021,2021,06,15,3887,23,Spain,ES,47332614,ESP,Europe
14/06/2021,2021,06,14,3844,18,Spain,ES,47332614,ESP,Europe
13/06/2021,2021,06,13,2516,17,Spain,ES,47332614,ESP,Europe
12/06/2021,2021,06,12,2738,22,Spain,ES,47332614,ESP,Europe
11/06/2021,2021,06,11,3362,10,Spain,ES,47332614,ESP,Europe
10/06/2021,2021,06,10,3461,26,Spain,ES,47332614,ESP,Europe
09/06/2021,2021,06,09,3611,18,Spain,ES,47332614,ESP,Europe
08/06/2021,2021,06,08,3661,30,Spain,ES,47332614,ESP,Europe
07/06/2021,2021,06,07,4028,19,Spain,ES,47332614,ESP,Europe
06/06/2021,2021,06,06,2796,26,Spain,ES,47332614,ESP,Europe
05/06/2021,2021,06,05,3209,26,Spain,ES,47332614,ESP,Europe
04/06/2021,2021,06,04,3927,31,Spain,ES,47332614,ESP,Europe
03/06/2021,2021,06,03,3840,28,Spain,ES,47332614,ESP,Europe
02/06/2021,2021,06,02,4507,32,Spain,ES,47332614,ESP,Europe
01/06/2021,2021,06,01,4922,24,Spain,ES,47332614,ESP,Europe
31/05/2021,2021,05,31,4496,41,Spain,ES,47332614,ESP,Europe
30/05/2021,2021,05,30,3030,31,Spain,ES,47332614,ESP,Europe
29/05/2021,2021,05,29,3547,22,Spain,ES,47332614,ESP,Europe
28/05/2021,2021,05,28,4597,24,Spain,ES,47332614,ESP,Europe
27/05/2021,2021,05,27,4355,19,Spain,ES,47332614,ESP,Europe
26/05/2021,2021,05,26,4832,35,Spain,ES,47332614,ESP,Europe
25/05/2021,2021,05,25,4972,22,Spain,ES,47332614,ESP,Europe
24/05/2021,2021,05,24,4841,35,Spain,ES,47332614,ESP,Europe
23/05/2021,2021,05,23,3267,32,Spain,ES,47332614,ESP,Europe
22/05/2021,2021,05,22,3668,32,Spain,ES,47332614,ESP,Europe
21/05/2021,2021,05,21,4827,42,Spain,ES,47332614,ESP,Europe
20/05/2021,2021,05,20,4742,32,Spain,ES,47332614,ESP,Europe
19/05/2021,2021,05,19,4666,47,Spain,ES,47332614,ESP,Europe
18/05/2021,2021,05,18,5376,34,Spain,ES,47332614,ESP,Europe
17/05/2021,2021,05,17,5444,33,Spain,ES,47332614,ESP,Europe
16/05/2021,2021,05,16,3489,40,Spain,ES,47332614,ESP,Europe
15/05/2021,2021,05,15,4091,42,Spain,ES,47332614,ESP,Europe
14/05/2021,2021,05,14,5026,45,Spain,ES,47332614,ESP,Europe
13/05/2021,2021,05,13,4856,58,Spain,ES,47332614,ESP,Europe
12/05/2021,2021,05,12,5101,67,Spain,ES,47332614,ESP,Europe
11/05/2021,2021,05,11,5164,53,Spain,ES,47332614,ESP,Europe
10/05/2021,2021,05,10,5936,57,Spain,ES,47332614,ESP,Europe
09/05/2021,2021,05,09,3883,52,Spain,ES,47332614,ESP,Europe
08/05/2021,2021,05,08,4460,54,Spain,ES,47332614,ESP,Europe
07/05/2021,2021,05,07,5956,72,Spain,ES,47332614,ESP,Europe
06/05/2021,2021,05,06,5610,65,Spain,ES,47332614,ESP,Europe
05/05/2021,2021,05,05,6715,69,Spain,ES,47332614,ESP,Europe
04/05/2021,2021,05,04,6751,66,Spain,ES,47332614,ESP,Europe
03/05/2021,2021,05,03,6605,79,Spain,ES,47332614,ESP,Europe
02/05/2021,2021,05,02,4652,56,Spain,ES,47332614,ESP,Europe
01/05/2021,2021,05,01,5479,55,Spain,ES,47332614,ESP,Europe
30/04/2021,2021,04,30,7411,69,Spain,ES,47332614,ESP,Europe
29/04/2021,2021,04,29,7077,64,Spain,ES,47332614,ESP,Europe
28/04/2021,2021,04,28,7670,67,Spain,ES,47332614,ESP,Europe
27/04/2021,2021,04,27,8384,69,Spain,ES,47332614,ESP,Europe
26/04/2021,2021,04,26,8670,70,Spain,ES,47332614,ESP,Europe
25/04/2021,2021,04,25,5854,62,Spain,ES,47332614,ESP,Europe
24/04/2021,2021,04,24,6817,76,Spain,ES,47332614,ESP,Europe
23/04/2021,2021,04,23,8426,75,Spain,ES,47332614,ESP,Europe
22/04/2021,2021,04,22,8304,72,Spain,ES,47332614,ESP,Europe
21/04/2021,2021,04,21,8441,76,Spain,ES,47332614,ESP,Europe
20/04/2021,2021,04,20,9621,76,Spain,ES,47332614,ESP,Europe
19/04/2021,2021,04,19,9083,89,Spain,ES,47332614,ESP,Europe
18/04/2021,2021,04,18,6578,58,Spain,ES,47332614,ESP,Europe
17/04/2021,2021,04,17,7155,75,Spain,ES,47332614,ESP,Europe
16/04/2021,2021,04,16,8820,82,Spain,ES,47332614,ESP,Europe
15/04/2021,2021,04,15,8479,81,Spain,ES,47332614,ESP,Europe
14/04/2021,2021,04,14,9093,92,Spain,ES,47332614,ESP,Europe
13/04/2021,2021,04,13,9172,79,Spain,ES,47332614,ESP,Europe
12/04/2021,2021,04,12,9413,96,Spain,ES,47332614,ESP,Europe
11/04/2021,2021,04,11,6411,50,Spain,ES,47332614,ESP,Europe
10/04/2021,2021,04,10,7793,90,Spain,ES,47332614,ESP,Europe
09/04/2021,2021,04,09,8829,81,Spain,ES,47332614,ESP,Europe
08/04/2021,2021,04,08,8504,82,Spain,ES,47332614,ESP,Europe
07/04/2021,2021,04,07,9035,91,Spain,ES,47332614,ESP,Europe
06/04/2021,2021,04,06,9610,86,Spain,ES,47332614,ESP,Europe
05/04/2021,2021,04,05,8999,76,Spain,ES,47332614,ESP,Europe
04/04/2021,2021,04,04,7036,56,Spain,ES,47332614,ESP,Europe
03/04/2021,2021,04,03,6974,76,Spain,ES,47332614,ESP,Europe
02/04/2021,2021,04,02,6010,70,Spain,ES,47332614,ESP,Europe
01/04/2021,2021,04,01,7016,79,Spain,ES,47332614,ESP,Europe
31/03/2021,2021,03,31,7310,80,Spain,ES,47332614,ESP,Europe
30/03/2021,2021,03,30,7176,82,Spain,ES,47332614,ESP,Europe
29/03/2021,2021,03,29,7292,89,Spain,ES,47332614,ESP,Europe
28/03/2021,2021,03,28,5218,73,Spain,ES,47332614,ESP,Europe
27/03/2021,2021,03,27,5626,67,Spain,ES,47332614,ESP,Europe
26/03/2021,2021,03,26,6909,87,Spain,ES,47332614,ESP,Europe
25/03/2021,2021,03,25,6176,68,Spain,ES,47332614,ESP,Europe
24/03/2021,2021,03,24,6345,63,Spain,ES,47332614,ESP,Europe
23/03/2021,2021,03,23,7098,95,Spain,ES,47332614,ESP,Europe
22/03/2021,2021,03,22,6891,72,Spain,ES,47332614,ESP,Europe
21/03/2021,2021,03,21,4339,67,Spain,ES,47332614,ESP,Europe
20/03/2021,2021,03,20,4690,69,Spain,ES,47332614,ESP,Europe
19/03/2021,2021,03,19,5188,70,Spain,ES,47332614,ESP,Europe
18/03/2021,2021,03,18,5448,69,Spain,ES,47332614,ESP,Europe
17/03/2021,2021,03,17,5177,93,Spain,ES,47332614,ESP,Europe
16/03/2021,2021,03,16,5462,111,Spain,ES,47332614,ESP,Europe
15/03/2021,2021,03,15,5798,108,Spain,ES,47332614,ESP,Europe
14/03/2021,2021,03,14,3738,79,Spain,ES,47332614,ESP,Europe
13/03/2021,2021,03,13,4096,87,Spain,ES,47332614,ESP,Europe
12/03/2021,2021,03,12,5144,108,Spain,ES,47332614,ESP,Europe
11/03/2021,2021,03,11,4707,96,Spain,ES,47332614,ESP,Europe
10/03/2021,2021,03,10,4968,105,Spain,ES,47332614,ESP,Europe
09/03/2021,2021,03,09,5057,120,Spain,ES,47332614,ESP,Europe
08/03/2021,2021,03,08,5271,122,Spain,ES,47332614,ESP,Europe
07/03/2021,2021,03,07,3572,94,Spain,ES,47332614,ESP,Europe
06/03/2021,2021,03,06,3994,128,Spain,ES,47332614,ESP,Europe
05/03/2021,2021,03,05,5022,125,Spain,ES,47332614,ESP,Europe
04/03/2021,2021,03,04,4681,138,Spain,ES,47332614,ESP,Europe
03/03/2021,2021,03,03,5285,148,Spain,ES,47332614,ESP,Europe
02/03/2021,2021,03,02,5311,153,Spain,ES,47332614,ESP,Europe
01/03/2021,2021,03,01,5687,134,Spain,ES,47332614,ESP,Europe
28/02/2021,2021,02,28,3768,147,Spain,ES,47332614,ESP,Europe
27/02/2021,2021,02,27,4163,165,Spain,ES,47332614,ESP,Europe
26/02/2021,2021,02,26,5558,177,Spain,ES,47332614,ESP,Europe
25/02/2021,2021,02,25,5120,196,Spain,ES,47332614,ESP,Europe
24/02/2021,2021,02,24,5545,205,Spain,ES,47332614,ESP,Europe
23/02/2021,2021,02,23,6319,187,Spain,ES,47332614,ESP,Europe
22/02/2021,2021,02,22,6477,226,Spain,ES,47332614,ESP,Europe
21/02/2021,2021,02,21,4325,186,Spain,ES,47332614,ESP,Europe
20/02/2021,2021,02,20,5304,183,Spain,ES,47332614,ESP,Europe
19/02/2021,2021,02,19,6620,223,Spain,ES,47332614,ESP,Europe
18/02/2021,2021,02,18,6564,243,Spain,ES,47332614,ESP,Europe
17/02/2021,2021,02,17,7152,264,Spain,ES,47332614,ESP,Europe
16/02/2021,2021,02,16,8137,293,Spain,ES,47332614,ESP,Europe
15/02/2021,2021,02,15,8421,290,Spain,ES,47332614,ESP,Europe
14/02/2021,2021,02,14,5737,246,Spain,ES,47332614,ESP,Europe
13/02/2021,2021,02,13,6925,284,Spain,ES,47332614,ESP,Europe
12/02/2021,2021,02,12,9664,340,Spain,ES,47332614,ESP,Europe
11/02/2021,2021,02,11,9246,363,Spain,ES,47332614,ESP,Europe
10/02/2021,2021,02,10,10602,413,Spain,ES,47332614,ESP,Europe
09/02/2021,2021,02,09,11932,388,Spain,ES,47332614,ESP,Europe
08/02/2021,2021,02,08,12543,413,Spain,ES,47332614,ESP,Europe
07/02/2021,2021,02,07,8363,387,Spain,ES,47332614,ESP,Europe
06/02/2021,2021,02,06,11317,416,Spain,ES,47332614,ESP,Europe
05/02/2021,2021,02,05,15956,464,Spain,ES,47332614,ESP,Europe
04/02/2021,2021,02,04,15832,491,Spain,ES,47332614,ESP,Europe
03/02/2021,2021,02,03,17996,499,Spain,ES,47332614,ESP,Europe
02/02/2021,2021,02,02,20820,491,Spain,ES,47332614,ESP,Europe
01/02/2021,2021,02,01,21804,546,Spain,ES,47332614,ESP,Europe
31/01/2021,2021,01,31,14397,490,Spain,ES,47332614,ESP,Europe
30/01/2021,2021,01,30,19436,513,Spain,ES,47332614,ESP,Europe
29/01/2021,2021,01,29,25836,536,Spain,ES,47332614,ESP,Europe
28/01/2021,2021,01,28,26409,575,Spain,ES,47332614,ESP,Europe
27/01/2021,2021,01,27,29583,600,Spain,ES,47332614,ESP,Europe
26/01/2021,2021,01,26,31824,554,Spain,ES,47332614,ESP,Europe
25/01/2021,2021,01,25,32624,531,Spain,ES,47332614,ESP,Europe
24/01/2021,2021,01,24,22614,522,Spain,ES,47332614,ESP,Europe
23/01/2021,2021,01,23,28170,447,Spain,ES,47332614,ESP,Europe
22/01/2021,2021,01,22,37131,569,Spain,ES,47332614,ESP,Europe
21/01/2021,2021,01,21,34273,492,Spain,ES,47332614,ESP,Europe
20/01/2021,2021,01,20,38041,460,Spain,ES,47332614,ESP,Europe
19/01/2021,2021,01,19,39551,488,Spain,ES,47332614,ESP,Europe
18/01/2021,2021,01,18,39223,411,Spain,ES,47332614,ESP,Europe
17/01/2021,2021,01,17,25925,367,Spain,ES,47332614,ESP,Europe
16/01/2021,2021,01,16,31098,364,Spain,ES,47332614,ESP,Europe
15/01/2021,2021,01,15,39649,394,Spain,ES,47332614,ESP,Europe
14/01/2021,2021,01,14,35019,318,Spain,ES,47332614,ESP,Europe
13/01/2021,2021,01,13,35742,285,Spain,ES,47332614,ESP,Europe
12/01/2021,2021,01,12,36870,294,Spain,ES,47332614,ESP,Europe
11/01/2021,2021,01,11,36062,287,Spain,ES,47332614,ESP,Europe
10/01/2021,2021,01,10,24639,246,Spain,ES,47332614,ESP,Europe
09/01/2021,2021,01,09,27194,229,Spain,ES,47332614,ESP,Europe
08/01/2021,2021,01,08,33771,245,Spain,ES,47332614,ESP,Europe
07/01/2021,2021,01,07,27778,240,Spain,ES,47332614,ESP,Europe
06/01/2021,2021,01,06,20140,178,Spain,ES,47332614,ESP,Europe
05/01/2021,2021,01,05,29697,237,Spain,ES,47332614,ESP,Europe
04/01/2021,2021,01,04,25389,188,Spain,ES,47332614,ESP,Europe
03/01/2021,2021,01,03,16194,178,Spain,ES,47332614,ESP,Europe
02/01/2021,2021,01,02,16246,186,Spain,ES,47332614,ESP,Europe
01/01/2021,2021,01,01,13878,170,Spain,ES,47332614,ESP,Europe
31/12/2020,2020,12,31,15027,192,Spain,ES,47332614,ESP,Europe
30/12/2020,2020,12,30,16768,203,Spain,ES,47332614,ESP,Europe
29/12/2020,2020,12,29,16236,162,Spain,ES,47332614,ESP,Europe
28/12/2020,2020,12,28,16646,193,Spain,ES,47332614,ESP,Europe
27/12/2020,2020,12,27,10668,168,Spain,ES,47332614,ESP,Europe
26/12/2020,2020,12,26,10362,178,Spain,ES,47332614,ESP,Europe
25/12/2020,2020,12,25,8335,143,Spain,ES,47332614,ESP,Europe
24/12/2020,2020,12,24,10583,158,Spain,ES,47332614,ESP,Europe
23/12/2020,2020,12,23,11921,190,Spain,ES,47332614,ESP,Europe
22/12/2020,2020,12,22,11614,180,Spain,ES,47332614,ESP,Europe
21/12/2020,2020,12,21,11054,147,Spain,ES,47332614,ESP,Europe
20/12/2020,2020,12,20,7516,156,Spain,ES,47332614,ESP,Europe
19/12/2020,2020,12,19,8647,143,Spain,ES,47332614,ESP,Europe
18/12/2020,2020,12,18,10868,177,Spain,ES,47332614,ESP,Europe
17/12/2020,2020,12,17,9713,174,Spain,ES,47332614,ESP,Europe
16/12/2020,2020,12,16,10525,147,Spain,ES,47332614,ESP,Europe
15/12/2020,2020,12,15,11156,187,Spain,ES,47332614,ESP,Europe
14/12/2020,2020,12,14,10560,167,Spain,ES,47332614,ESP,Europe
13/12/2020,2020,12,13,6778,164,Spain,ES,47332614,ESP,Europe
12/12/2020,2020,12,12,8368,186,Spain,ES,47332614,ESP,Europe
11/12/2020,2020,12,11,10117,217,Spain,ES,47332614,ESP,Europe
10/12/2020,2020,12,10,9523,187,Spain,ES,47332614,ESP,Europe
09/12/2020,2020,12,09,8800,223,Spain,ES,47332614,ESP,Europe
08/12/2020,2020,12,08,6549,180,Spain,ES,47332614,ESP,Europe
07/12/2020,2020,12,07,6903,200,Spain,ES,47332614,ESP,Europe
06/12/2020,2020,12,06,4955,172,Spain,ES,47332614,ESP,Europe
05/12/2020,2020,12,05,5815,200,Spain,ES,47332614,ESP,Europe
04/12/2020,2020,12,04,7326,227,Spain,ES,47332614,ESP,Europe
03/12/2020,2020,12,03,7004,239,Spain,ES,47332614,ESP,Europe
02/12/2020,2020,12,02,7880,223,Spain,ES,47332614,ESP,Europe
01/12/2020,2020,12,01,8657,233,Spain,ES,47332614,ESP,Europe
30/11/2020,2020,11,30,7582,230,Spain,ES,47332614,ESP,Europe
29/11/2020,2020,11,29,5111,219,Spain,ES,47332614,ESP,Europe
28/11/2020,2020,11,28,6364,220,Spain,ES,47332614,ESP,Europe
27/11/2020,2020,11,27,8497,267,Spain,ES,47332614,ESP,Europe
26/11/2020,2020,11,26,7689,291,Spain,ES,47332614,ESP,Europe
25/11/2020,2020,11,25,8384,296,Spain,ES,47332614,ESP,Europe
24/11/2020,2020,11,24,9102,253,Spain,ES,47332614,ESP,Europe
23/11/2020,2020,11,23,9156,321,Spain,ES,47332614,ESP,Europe
22/11/2020,2020,11,22,6315,258,Spain,ES,47332614,ESP,Europe
21/11/2020,2020,11,21,8078,287,Spain,ES,47332614,ESP,Europe
20/11/2020,2020,11,20,10486,325,Spain,ES,47332614,ESP,Europe
19/11/2020,2020,11,19,10046,312,Spain,ES,47332614,ESP,Europe
18/11/2020,2020,11,18,11983,294,Spain,ES,47332614,ESP,Europe
17/11/2020,2020,11,17,13306,376,Spain,ES,47332614,ESP,Europe
16/11/2020,2020,11,16,13257,325,Spain,ES,47332614,ESP,Europe
15/11/2020,2020,11,15,9228,285,Spain,ES,47332614,ESP,Europe
14/11/2020,2020,11,14,11625,303,Spain,ES,47332614,ESP,Europe
13/11/2020,2020,11,13,14986,357,Spain,ES,47332614,ESP,Europe
12/11/2020,2020,11,12,14985,362,Spain,ES,47332614,ESP,Europe
11/11/2020,2020,11,11,16583,361,Spain,ES,47332614,ESP,Europe
10/11/2020,2020,11,10,17820,346,Spain,ES,47332614,ESP,Europe
09/11/2020,2020,11,09,17276,327,Spain,ES,47332614,ESP,Europe
08/11/2020,2020,11,08,12624,325,Spain,ES,47332614,ESP,Europe
07/11/2020,2020,11,07,15565,291,Spain,ES,47332614,ESP,Europe
06/11/2020,2020,11,06,19618,358,Spain,ES,47332614,ESP,Europe
05/11/2020,2020,11,05,19775,330,Spain,ES,47332614,ESP,Europe
04/11/2020,2020,11,04,20577,358,Spain,ES,47332614,ESP,Europe
03/11/2020,2020,11,03,21539,325,Spain,ES,47332614,ESP,Europe
02/11/2020,2020,11,02,19361,307,Spain,ES,47332614,ESP,Europe
01/11/2020,2020,11,01,16117,268,Spain,ES,47332614,ESP,Europe
31/10/2020,2020,10,31,16881,267,Spain,ES,47332614,ESP,Europe
30/10/2020,2020,10,30,21655,274,Spain,ES,47332614,ESP,Europe
29/10/2020,2020,10,29,20678,256,Spain,ES,47332614,ESP,Europe
28/10/2020,2020,10,28,22226,248,Spain,ES,47332614,ESP,Europe
27/10/2020,2020,10,27,23116,247,Spain,ES,47332614,ESP,Europe
26/10/2020,2020,10,26,22490,227,Spain,ES,47332614,ESP,Europe
25/10/2020,2020,10,25,15410,202,Spain,ES,47332614,ESP,Europe
24/10/2020,2020,10,24,17332,194,Spain,ES,47332614,ESP,Europe
23/10/2020,2020,10,23,22232,219,Spain,ES,47332614,ESP,Europe
22/10/2020,2020,10,22,21157,212,Spain,ES,47332614,ESP,Europe
21/10/2020,2020,10,21,22082,179,Spain,ES,47332614,ESP,Europe
20/10/2020,2020,10,20,22524,188,Spain,ES,47332614,ESP,Europe
19/10/2020,2020,10,19,20786,179,Spain,ES,47332614,ESP,Europe
18/10/2020,2020,10,18,13047,153,Spain,ES,47332614,ESP,Europe
17/10/2020,2020,10,17,14315,146,Spain,ES,47332614,ESP,Europe
16/10/2020,2020,10,16,17514,165,Spain,ES,47332614,ESP,Europe
15/10/2020,2020,10,15,16376,156,Spain,ES,47332614,ESP,Europe
14/10/2020,2020,10,14,16223,144,Spain,ES,47332614,ESP,Europe
13/10/2020,2020,10,13,14289,151,Spain,ES,47332614,ESP,Europe
12/10/2020,2020,10,12,10963,128,Spain,ES,47332614,ESP,Europe
11/10/2020,2020,10,11,8998,113,Spain,ES,47332614,ESP,Europe
10/10/2020,2020,10,10,10948,138,Spain,ES,47332614,ESP,Europe
09/10/2020,2020,10,09,13445,149,Spain,ES,47332614,ESP,Europe
08/10/2020,2020,10,08,12600,136,Spain,ES,47332614,ESP,Europe
07/10/2020,2020,10,07,12350,136,Spain,ES,47332614,ESP,Europe
06/10/2020,2020,10,06,12736,132,Spain,ES,47332614,ESP,Europe
05/10/2020,2020,10,05,11198,134,Spain,ES,47332614,ESP,Europe
04/10/2020,2020,10,04,7471,101,Spain,ES,47332614,ESP,Europe
03/10/2020,2020,10,03,8117,111,Spain,ES,47332614,ESP,Europe
02/10/2020,2020,10,02,11050,133,Spain,ES,47332614,ESP,Europe
01/10/2020,2020,10,01,10657,143,Spain,ES,47332614,ESP,Europe
30/09/2020,2020,09,30,10028,158,Spain,ES,47332614,ESP,Europe
29/09/2020,2020,09,29,10737,149,Spain,ES,47332614,ESP,Europe
28/09/2020,2020,09,28,9166,142,Spain,ES,47332614,ESP,Europe
27/09/2020,2020,09,27,6375,122,Spain,ES,47332614,ESP,Europe
26/09/2020,2020,09,26,7880,116,Spain,ES,47332614,ESP,Europe
25/09/2020,2020,09,25,11782,136,Spain,ES,47332614,ESP,Europe
24/09/2020,2020,09,24,11175,133,Spain,ES,47332614,ESP,Europe
23/09/2020,2020,09,23,11693,117,Spain,ES,47332614,ESP,Europe
22/09/2020,2020,09,22,12503,127,Spain,ES,47332614,ESP,Europe
21/09/2020,2020,09,21,10065,125,Spain,ES,47332614,ESP,Europe
20/09/2020,2020,09,20,7487,107,Spain,ES,47332614,ESP,Europe
19/09/2020,2020,09,19,8727,123,Spain,ES,47332614,ESP,Europe
18/09/2020,2020,09,18,14251,114,Spain,ES,47332614,ESP,Europe
17/09/2020,2020,09,17,11607,122,Spain,ES,47332614,ESP,Europe
16/09/2020,2020,09,16,12122,106,Spain,ES,47332614,ESP,Europe
15/09/2020,2020,09,15,12521,135,Spain,ES,47332614,ESP,Europe
14/09/2020,2020,09,14,10831,114,Spain,ES,47332614,ESP,Europe
13/09/2020,2020,09,13,8279,105,Spain,ES,47332614,ESP,Europe
12/09/2020,2020,09,12,9561,104,Spain,ES,47332614,ESP,Europe
11/09/2020,2020,09,11,12157,98,Spain,ES,47332614,ESP,Europe
10/09/2020,2020,09,10,11557,93,Spain,ES,47332614,ESP,Europe
09/09/2020,2020,09,09,11853,105,Spain,ES,47332614,ESP,Europe
08/09/2020,2020,09,08,11621,86,Spain,ES,47332614,ESP,Europe
07/09/2020,2020,09,07,9639,81,Spain,ES,47332614,ESP,Europe
06/09/2020,2020,09,06,7552,64,Spain,ES,47332614,ESP,Europe
05/09/2020,2020,09,05,8851,69,Spain,ES,47332614,ESP,Europe
04/09/2020,2020,09,04,11450,85,Spain,ES,47332614,ESP,Europe
03/09/2020,2020,09,03,10347,81,Spain,ES,47332614,ESP,Europe
02/09/2020,2020,09,02,10460,76,Spain,ES,47332614,ESP,Europe
01/09/2020,2020,09,01,11473,67,Spain,ES,47332614,ESP,Europe
31/08/2020,2020,08,31,8559,67,Spain,ES,47332614,ESP,Europe
30/08/2020,2020,08,30,6560,57,Spain,ES,47332614,ESP,Europe
29/08/2020,2020,08,29,7461,53,Spain,ES,47332614,ESP,Europe
28/08/2020,2020,08,28,10867,77,Spain,ES,47332614,ESP,Europe
27/08/2020,2020,08,27,9414,51,Spain,ES,47332614,ESP,Europe
26/08/2020,2020,08,26,9755,52,Spain,ES,47332614,ESP,Europe
25/08/2020,2020,08,25,10387,44,Spain,ES,47332614,ESP,Europe
24/08/2020,2020,08,24,8334,56,Spain,ES,47332614,ESP,Europe
23/08/2020,2020,08,23,6069,54,Spain,ES,47332614,ESP,Europe
22/08/2020,2020,08,22,6746,46,Spain,ES,47332614,ESP,Europe
21/08/2020,2020,08,21,9566,43,Spain,ES,47332614,ESP,Europe
20/08/2020,2020,08,20,8425,40,Spain,ES,47332614,ESP,Europe
19/08/2020,2020,08,19,8379,47,Spain,ES,47332614,ESP,Europe
18/08/2020,2020,08,18,8652,46,Spain,ES,47332614,ESP,Europe
17/08/2020,2020,08,17,7204,31,Spain,ES,47332614,ESP,Europe
16/08/2020,2020,08,16,5084,22,Spain,ES,47332614,ESP,Europe
15/08/2020,2020,08,15,5759,27,Spain,ES,47332614,ESP,Europe
14/08/2020,2020,08,14,7175,37,Spain,ES,47332614,ESP,Europe
13/08/2020,2020,08,13,6319,26,Spain,ES,47332614,ESP,Europe
12/08/2020,2020,08,12,6528,31,Spain,ES,47332614,ESP,Europe
11/08/2020,2020,08,11,6659,31,Spain,ES,47332614,ESP,Europe
10/08/2020,2020,08,10,6133,31,Spain,ES,47332614,ESP,Europe
09/08/2020,2020,08,09,4067,18,Spain,ES,47332614,ESP,Europe
08/08/2020,2020,08,08,4311,33,Spain,ES,47332614,ESP,Europe
07/08/2020,2020,08,07,5372,22,Spain,ES,47332614,ESP,Europe
06/08/2020,2020,08,06,4583,31,Spain,ES,47332614,ESP,Europe
05/08/2020,2020,08,05,4613,13,Spain,ES,47332614,ESP,Europe
04/08/2020,2020,08,04,4698,20,Spain,ES,47332614,ESP,Europe
03/08/2020,2020,08,03,4214,10,Spain,ES,47332614,ESP,Europe
02/08/2020,2020,08,02,2816,14,Spain,ES,47332614,ESP,Europe
01/08/2020,2020,08,01,3624,13,Spain,ES,47332614,ESP,Europe
31/07/2020,2020,07,31,3717,17,Spain,ES,47332614,ESP,Europe
30/07/2020,2020,07,30,3216,11,Spain,ES,47332614,ESP,Europe
29/07/2020,2020,07,29,3292,10,Spain,ES,47332614,ESP,Europe
28/07/2020,2020,07,28,3184,13,Spain,ES,47332614,ESP,Europe
27/07/2020,2020,07,27,3036,10,Spain,ES,47332614,ESP,Europe
26/07/2020,2020,07,26,1923,7,Spain,ES,47332614,ESP,Europe
25/07/2020,2020,07,25,2098,11,Spain,ES,47332614,ESP,Europe
24/07/2020,2020,07,24,2552,8,Spain,ES,47332614,ESP,Europe
23/07/2020,2020,07,23,2272,4,Spain,ES,47332614,ESP,Europe
22/07/2020,2020,07,22,2425,4,Spain,ES,47332614,ESP,Europe
21/07/2020,2020,07,21,2389,8,Spain,ES,47332614,ESP,Europe
20/07/2020,2020,07,20,2365,8,Spain,ES,47332614,ESP,Europe
19/07/2020,2020,07,19,1582,5,Spain,ES,47332614,ESP,Europe
18/07/2020,2020,07,18,1850,3,Spain,ES,47332614,ESP,Europe
17/07/2020,2020,07,17,2094,3,Spain,ES,47332614,ESP,Europe
16/07/2020,2020,07,16,1730,2,Spain,ES,47332614,ESP,Europe
15/07/2020,2020,07,15,1871,5,Spain,ES,47332614,ESP,Europe
14/07/2020,2020,07,14,1606,2,Spain,ES,47332614,ESP,Europe
13/07/2020,2020,07,13,1423,1,Spain,ES,47332614,ESP,Europe
12/07/2020,2020,07,12,873,2,Spain,ES,47332614,ESP,Europe
11/07/2020,2020,07,11,899,7,Spain,ES,47332614,ESP,Europe
10/07/2020,2020,07,10,1176,5,Spain,ES,47332614,ESP,Europe
09/07/2020,2020,07,09,933,1,Spain,ES,47332614,ESP,Europe
08/07/2020,2020,07,08,909,5,Spain,ES,47332614,ESP,Europe
07/07/2020,2020,07,07,821,6,Spain,ES,47332614,ESP,Europe
06/07/2020,2020,07,06,720,3,Spain,ES,47332614,ESP,Europe
05/07/2020,2020,07,05,464,2,Spain,ES,47332614,ESP,Europe
04/07/2020,2020,07,04,473,7,Spain,ES,47332614,ESP,Europe
03/07/2020,2020,07,03,556,5,Spain,ES,47332614,ESP,Europe
02/07/2020,2020,07,02,438,1,Spain,ES,47332614,ESP,Europe
01/07/2020,2020,07,01,562,10,Spain,ES,47332614,ESP,Europe
30/06/2020,2020,06,30,466,11,Spain,ES,47332614,ESP,Europe
29/06/2020,2020,06,29,435,11,Spain,ES,47332614,ESP,Europe
28/06/2020,2020,06,28,277,10,Spain,ES,47332614,ESP,Europe
27/06/2020,2020,06,27,353,2,Spain,ES,47332614,ESP,Europe
26/06/2020,2020,06,26,429,8,Spain,ES,47332614,ESP,Europe
25/06/2020,2020,06,25,376,11,Spain,ES,47332614,ESP,Europe
24/06/2020,2020,06,24,418,11,Spain,ES,47332614,ESP,Europe
23/06/2020,2020,06,23,386,8,Spain,ES,47332614,ESP,Europe
22/06/2020,2020,06,22,347,7,Spain,ES,47332614,ESP,Europe
21/06/2020,2020,06,21,256,15,Spain,ES,47332614,ESP,Europe
20/06/2020,2020,06,20,298,14,Spain,ES,47332614,ESP,Europe
19/06/2020,2020,06,19,307,16,Spain,ES,47332614,ESP,Europe
18/06/2020,2020,06,18,326,11,Spain,ES,47332614,ESP,Europe
17/06/2020,2020,06,17,325,26,Spain,ES,47332614,ESP,Europe
16/06/2020,2020,06,16,344,11,Spain,ES,47332614,ESP,Europe
15/06/2020,2020,06,15,365,20,Spain,ES,47332614,ESP,Europe
14/06/2020,2020,06,14,217,20,Spain,ES,47332614,ESP,Europe
13/06/2020,2020,06,13,202,23,Spain,ES,47332614,ESP,Europe
12/06/2020,2020,06,12,375,20,Spain,ES,47332614,ESP,Europe
11/06/2020,2020,06,11,296,23,Spain,ES,47332614,ESP,Europe
10/06/2020,2020,06,10,336,30,Spain,ES,47332614,ESP,Europe
09/06/2020,2020,06,09,365,14,Spain,ES,47332614,ESP,Europe
08/06/2020,2020,06,08,406,30,Spain,ES,47332614,ESP,Europe
07/06/2020,2020,06,07,240,21,Spain,ES,47332614,ESP,Europe
06/06/2020,2020,06,06,273,28,Spain,ES,47332614,ESP,Europe
05/06/2020,2020,06,05,478,24,Spain,ES,47332614,ESP,Europe
04/06/2020,2020,06,04,376,47,Spain,ES,47332614,ESP,Europe
03/06/2020,2020,06,03,450,39,Spain,ES,47332614,ESP,Europe
02/06/2020,2020,06,02,440,47,Spain,ES,47332614,ESP,Europe
01/06/2020,2020,06,01,433,34,Spain,ES,47332614,ESP,Europe
31/05/2020,2020,05,31,277,40,Spain,ES,47332614,ESP,Europe
30/05/2020,2020,05,30,355,43,Spain,ES,47332614,ESP,Europe
29/05/2020,2020,05,29,535,45,Spain,ES,47332614,ESP,Europe
28/05/2020,2020,05,28,532,45,Spain,ES,47332614,ESP,Europe
27/05/2020,2020,05,27,415,45,Spain,ES,47332614,ESP,Europe
26/05/2020,2020,05,26,598,54,Spain,ES,47332614,ESP,Europe
25/05/2020,2020,05,25,557,68,Spain,ES,47332614,ESP,Europe
24/05/2020,2020,05,24,340,55,Spain,ES,47332614,ESP,Europe
23/05/2020,2020,05,23,385,59,Spain,ES,47332614,ESP,Europe
22/05/2020,2020,05,22,610,71,Spain,ES,47332614,ESP,Europe
21/05/2020,2020,05,21,496,69,Spain,ES,47332614,ESP,Europe
20/05/2020,2020,05,20,488,56,Spain,ES,47332614,ESP,Europe
19/05/2020,2020,05,19,623,70,Spain,ES,47332614,ESP,Europe
18/05/2020,2020,05,18,610,72,Spain,ES,47332614,ESP,Europe
17/05/2020,2020,05,17,363,61,Spain,ES,47332614,ESP,Europe
16/05/2020,2020,05,16,404,63,Spain,ES,47332614,ESP,Europe
15/05/2020,2020,05,15,605,78,Spain,ES,47332614,ESP,Europe
14/05/2020,2020,05,14,524,87,Spain,ES,47332614,ESP,Europe
13/05/2020,2020,05,13,591,87,Spain,ES,47332614,ESP,Europe
12/05/2020,2020,05,12,619,114,Spain,ES,47332614,ESP,Europe
11/05/2020,2020,05,11,902,122,Spain,ES,47332614,ESP,Europe
10/05/2020,2020,05,10,358,110,Spain,ES,47332614,ESP,Europe
09/05/2020,2020,05,09,344,125,Spain,ES,47332614,ESP,Europe
08/05/2020,2020,05,08,380,146,Spain,ES,47332614,ESP,Europe
07/05/2020,2020,05,07,299,166,Spain,ES,47332614,ESP,Europe
06/05/2020,2020,05,06,294,153,Spain,ES,47332614,ESP,Europe
05/05/2020,2020,05,05,300,183,Spain,ES,47332614,ESP,Europe
04/05/2020,2020,05,04,492,186,Spain,ES,47332614,ESP,Europe
03/05/2020,2020,05,03,447,197,Spain,ES,47332614,ESP,Europe
02/05/2020,2020,05,02,659,202,Spain,ES,47332614,ESP,Europe
01/05/2020,2020,05,01,717,176,Spain,ES,47332614,ESP,Europe
30/04/2020,2020,04,30,739,223,Spain,ES,47332614,ESP,Europe
29/04/2020,2020,04,29,750,236,Spain,ES,47332614,ESP,Europe
28/04/2020,2020,04,28,851,259,Spain,ES,47332614,ESP,Europe
27/04/2020,2020,04,27,695,258,Spain,ES,47332614,ESP,Europe
26/04/2020,2020,04,26,555,272,Spain,ES,47332614,ESP,Europe
25/04/2020,2020,04,25,751,295,Spain,ES,47332614,ESP,Europe
24/04/2020,2020,04,24,1114,330,Spain,ES,47332614,ESP,Europe
23/04/2020,2020,04,23,1184,331,Spain,ES,47332614,ESP,Europe
22/04/2020,2020,04,22,1472,344,Spain,ES,47332614,ESP,Europe
21/04/2020,2020,04,21,1319,427,Spain,ES,47332614,ESP,Europe
20/04/2020,2020,04,20,1465,387,Spain,ES,47332614,ESP,Europe
19/04/2020,2020,04,19,1145,401,Spain,ES,47332614,ESP,Europe
18/04/2020,2020,04,18,1659,435,Spain,ES,47332614,ESP,Europe
17/04/2020,2020,04,17,1919,507,Spain,ES,47332614,ESP,Europe
16/04/2020,2020,04,16,2278,487,Spain,ES,47332614,ESP,Europe
15/04/2020,2020,04,15,2352,552,Spain,ES,47332614,ESP,Europe
14/04/2020,2020,04,14,2253,607,Spain,ES,47332614,ESP,Europe
13/04/2020,2020,04,13,2175,587,Spain,ES,47332614,ESP,Europe
12/04/2020,2020,04,12,2254,544,Spain,ES,47332614,ESP,Europe
11/04/2020,2020,04,11,2872,628,Spain,ES,47332614,ESP,Europe
10/04/2020,2020,04,10,3169,676,Spain,ES,47332614,ESP,Europe
09/04/2020,2020,04,09,3283,667,Spain,ES,47332614,ESP,Europe
08/04/2020,2020,04,08,3468,749,Spain,ES,47332614,ESP,Europe
07/04/2020,2020,04,07,3198,736,Spain,ES,47332614,ESP,Europe
06/04/2020,2020,04,06,3525,766,Spain,ES,47332614,ESP,Europe
05/04/2020,2020,04,05,3202,750,Spain,ES,47332614,ESP,Europe
04/04/2020,2020,04,04,3655,740,Spain,ES,47332614,ESP,Europe
03/04/2020,2020,04,03,4458,786,Spain,ES,47332614,ESP,Europe
02/04/2020,2020,04,02,4423,858,Spain,ES,47332614,ESP,Europe
01/04/2020,2020,04,01,5449,895,Spain,ES,47332614,ESP,Europe
31/03/2020,2020,03,31,4405,899,Spain,ES,47332614,ESP,Europe
30/03/2020,2020,03,30,5114,913,Spain,ES,47332614,ESP,Europe
29/03/2020,2020,03,29,4242,811,Spain,ES,47332614,ESP,Europe
28/03/2020,2020,03,28,5344,839,Spain,ES,47332614,ESP,Europe
27/03/2020,2020,03,27,6022,909,Spain,ES,47332614,ESP,Europe
26/03/2020,2020,03,26,6323,871,Spain,ES,47332614,ESP,Europe
25/03/2020,2020,03,25,6905,824,Spain,ES,47332614,ESP,Europe
24/03/2020,2020,03,24,7091,723,Spain,ES,47332614,ESP,Europe
23/03/2020,2020,03,23,8213,686,Spain,ES,47332614,ESP,Europe
22/03/2020,2020,03,22,6760,551,Spain,ES,47332614,ESP,Europe
21/03/2020,2020,03,21,7386,506,Spain,ES,47332614,ESP,Europe
20/03/2020,2020,03,20,10575,433,Spain,ES,47332614,ESP,Europe
19/03/2020,2020,03,19,8625,322,Spain,ES,47332614,ESP,Europe
18/03/2020,2020,03,18,8905,246,Spain,ES,47332614,ESP,Europe
17/03/2020,2020,03,17,8792,191,Spain,ES,47332614,ESP,Europe
16/03/2020,2020,03,16,9418,183,Spain,ES,47332614,ESP,Europe
15/03/2020,2020,03,15,7831,131,Spain,ES,47332614,ESP,Europe
14/03/2020,2020,03,14,7422,108,Spain,ES,47332614,ESP,Europe
13/03/2020,2020,03,13,7747,79,Spain,ES,47332614,ESP,Europe
12/03/2020,2020,03,12,5918,59,Spain,ES,47332614,ESP,Europe
11/03/2020,2020,03,11,4704,35,Spain,ES,47332614,ESP,Europe
10/03/2020,2020,03,10,4637,28,Spain,ES,47332614,ESP,Europe
09/03/2020,2020,03,09,3384,17,Spain,ES,47332614,ESP,Europe
08/03/2020,2020,03,08,2185,14,Spain,ES,47332614,ESP,Europe
07/03/2020,2020,03,07,1857,3,Spain,ES,47332614,ESP,Europe
06/03/2020,2020,03,06,1611,3,Spain,ES,47332614,ESP,Europe
05/03/2020,2020,03,05,1279,1,Spain,ES,47332614,ESP,Europe
04/03/2020,2020,03,04,949,2,Spain,ES,47332614,ESP,Europe
03/03/2020,2020,03,03,800,1,Spain,ES,47332614,ESP,Europe
02/03/2020,2020,03,02,802,0,Spain,ES,47332614,ESP,Europe
01/03/2020,2020,03,01,685,0,Spain,ES,47332614,ESP,Europe
29/02/2020,2020,02,29,247,0,Spain,ES,47332614,ESP,Europe
28/02/2020,2020,02,28,317,0,Spain,ES,47332614,ESP,Europe
27/02/2020,2020,02,27,179,0,Spain,ES,47332614,ESP,Europe
26/02/2020,2020,02,26,146,0,Spain,ES,47332614,ESP,Europe
25/02/2020,2020,02,25,128,0,Spain,ES,47332614,ESP,Europe
24/02/2020,2020,02,24,106,0,Spain,ES,47332614,ESP,Europe
23/02/2020,2020,02,23,73,0,Spain,ES,47332614,ESP,Europe
22/02/2020,2020,02,22,58,0,Spain,ES,47332614,ESP,Europe
21/02/2020,2020,02,21,59,0,Spain,ES,47332614,ESP,Europe
20/02/2020,2020,02,20,53,0,Spain,ES,47332614,ESP,Europe
19/02/2020,2020,02,19,18,0,Spain,ES,47332614,ESP,Europe
18/02/2020,2020,02,18,27,0,Spain,ES,47332614,ESP,Europe
17/02/2020,2020,02,17,27,0,Spain,ES,47332614,ESP,Europe
16/02/2020,2020,02,16,21,0,Spain,ES,47332614,ESP,Europe
15/02/2020,2020,02,15,35,0,Spain,ES,47332614,ESP,Europe
14/02/2020,2020,02,14,18,0,Spain,ES,47332614,ESP,Europe
13/02/2020,2020,02,13,24,1,Spain,ES,47332614,ESP,Europe
12/02/2020,2020,02,12,23,0,Spain,ES,47332614,ESP,Europe
11/02/2020,2020,02,11,13,0,Spain,ES,47332614,ESP,Europe
10/02/2020,2020,02,10,21,0,Spain,ES,47332614,ESP,Europe
09/02/2020,2020,02,09,3,0,Spain,ES,47332614,ESP,Europe
08/02/2020,2020,02,08,9,0,Spain,ES,47332614,ESP,Europe
07/02/2020,2020,02,07,15,0,Spain,ES,47332614,ESP,Europe
06/02/2020,2020,02,06,9,0,Spain,ES,47332614,ESP,Europe
05/02/2020,2020,02,05,6,0,Spain,ES,47332614,ESP,Europe
04/02/2020,2020,02,04,9,0,Spain,ES,47332614,ESP,Europe
03/02/2020,2020,02,03,11,0,Spain,ES,47332614,ESP,Europe
02/02/2020,2020,02,02,10,0,Spain,ES,47332614,ESP,Europe
01/02/2020,2020,02,01,16,0,Spain,ES,47332614,ESP,Europe
31/01/2020,2020,01,31,3,0,Spain,ES,47332614,ESP,Europe
30/01/2020,2020,01,30,1,0,Spain,ES,47332614,ESP,Europe
29/01/2020,2020,01,29,4,0,Spain,ES,47332614,ESP,Europe
28/01/2020,2020,01,28,1,0,Spain,ES,47332614,ESP,Europe
27/01/2020,2020,01,27,1,0,Spain,ES,47332614,ESP,Europe
26/01/2020,2020,01,26,1,0,Spain,ES,47332614,ESP,Europe
25/01/2020,2020,01,25,1,0,Spain,ES,47332614,ESP,Europe
24/01/2020,2020,01,24,2,0,Spain,ES,47332614,ESP,Europe
23/01/2020,2020,01,23,2,0,Spain,ES,47332614,ESP,Europe
22/01/2020,2020,01,22,0,0,Spain,ES,47332614,ESP,Europe
21/01/2020,2020,01,21,0,0,Spain,ES,47332614,ESP,Europe
20/01/2020,2020,01,20,3,0,Spain,ES,47332614,ESP,Europe
19/01/2020,2020,01,19,0,0,Spain,ES,47332614,ESP,Europe
18/01/2020,2020,01,18,2,0,Spain,ES,47332614,ESP,Europe
17/01/2020,2020,01,17,1,0,Spain,ES,47332614,ESP,Europe
16/01/2020,2020,01,16,1,0,Spain,ES,47332614,ESP,Europe
15/01/2020,2020,01,15,1,0,Spain,ES,47332614,ESP,Europe
14/01/2020,2020,01,14,0,0,Spain,ES,47332614,ESP,Europe
13/01/2020,2020,01,13,2,0,Spain,ES,47332614,ESP,Europe
12/01/2020,2020,01,12,1,0,Spain,ES,47332614,ESP,Europe
11/01/2020,2020,01,11,1,0,Spain,ES,47332614,ESP,Europe
10/01/2020,2020,01,10,2,0,Spain,ES,47332614,ESP,Europe
09/01/2020,2020,01,09,0,0,Spain,ES,47332614,ESP,Europe
08/01/2020,2020,01,08,0,0,Spain,ES,47332614,ESP,Europe
07/01/2020,2020,01,07,1,0,Spain,ES,47332614,ESP,Europe
06/01/2020,2020,01,06,0,0,Spain,ES,47332614,ESP,Europe
05/01/2020,2020,01,05,0,0,Spain,ES,47332614,ESP,Europe
04/01/2020,2020,01,04,0,0,Spain,ES,47332614,ESP,Europe
03/01/2020,2020,01,03,1,0,Spain,ES,47332614,ESP,Europe
02/01/2020,2020,01,02,0,0,Spain,ES,47332614,ESP,Europe
01/01/2020,2020,01,01,1,0,Spain,ES,47332614,ESP,Europe
